{
  "preset": "next/jest",
  "testEnvironment": "jsdom",
  "setupFilesAfterEnv": ["<rootDir>/src/__tests__/setup.ts"],
  "moduleNameMapping": {
    "^@/(.*)$": "<rootDir>/src/$1"
  },
  "collectCoverageFrom": [
    "src/**/*.{js,jsx,ts,tsx}",
    "!src/**/*.d.ts",
    "!src/**/*.stories.{js,jsx,ts,tsx}",
    "!src/**/__tests__/**",
    "!src/**/node_modules/**"
  ],
  "coverageThreshold": {
    "global": {
      "branches": 70,
      "functions": 70,
      "lines": 70,
      "statements": 70
    }
  },
  "testMatch": [
    "<rootDir>/src/**/__tests__/**/*.{js,jsx,ts,tsx}",
    "<rootDir>/src/**/*.{test,spec}.{js,jsx,ts,tsx}"
  ],
  "transform": {
    "^.+\\.(js|jsx|ts|tsx)$": ["babel-jest", { "presets": ["next/babel"] }]
  },
  "transformIgnorePatterns": [
    "/node_modules/",
    "^.+\\.module\\.(css|sass|scss)$"
  ],
  "moduleFileExtensions": [
    "ts",
    "tsx",
    "js",
    "jsx",
    "json",
    "node"
  ],
  "globals": {
    "ts-jest": {
      "tsconfig": "tsconfig.json"
    }
  }
}